                  epoch,         train/box_loss,         train/cls_loss,         train/dfl_loss,   metrics/precision(B),      metrics/recall(B),       metrics/mAP50(B),    metrics/mAP50-95(B),           val/box_loss,           val/cls_loss,           val/dfl_loss,                 lr/pg0,                 lr/pg1,                 lr/pg2
                      0,                 1.3982,                 5.1741,                 1.8329,                0.02906,                0.57143,                0.25141,                0.15713,                 1.0317,                 5.3912,                 1.6759,             9.7148e-05,             9.7148e-05,             9.7148e-05
                      1,                 1.2043,                 4.3492,                 1.6723,                0.04557,                0.73214,                 0.1371,                0.09967,                 0.8926,                 4.1852,                 1.4662,             0.00015651,             0.00015651,             0.00015651
                      2,                 1.1962,                 3.9892,                 1.6649,                0.48302,                0.14286,                0.24688,                0.18201,                0.91208,                 3.7814,                 1.5211,             0.00017706,             0.00017706,             0.00017706
                      3,                 1.1384,                 3.7668,                 1.6158,                0.76626,                0.14286,                0.36774,                0.28775,                0.97976,                 3.4251,                 1.6444,             0.00011936,             0.00011936,             0.00011936
                      4,                 1.1406,                 3.6347,                 1.5934,                0.44931,                0.30357,                 0.3642,                0.29932,                0.96213,                 3.3292,                 1.6966,             0.00011936,             0.00011936,             0.00011936
