                  epoch,         train/box_loss,         train/cls_loss,         train/dfl_loss,   metrics/precision(B),      metrics/recall(B),       metrics/mAP50(B),    metrics/mAP50-95(B),           val/box_loss,           val/cls_loss,           val/dfl_loss,                 lr/pg0,                 lr/pg1,                 lr/pg2
                      1,                 3.9298,                 4.8204,                 4.1605,                      0,                      0,                      0,                      0,                0.20376,                 12.369,                0.11984,             0.00041258,             0.00041258,             0.00041258
                      2,                 3.3361,                 5.0244,                 3.9329,                      0,                      0,                      0,                      0,                0.51835,                     17,                0.29237,             0.00066506,             0.00066506,             0.00066506
                      3,                 3.3898,                 4.6362,                 3.9305,                0.00012,                0.00281,                  7e-05,                  1e-05,                 5.8935,                 13.582,                 3.3075,             0.00075253,             0.00075253,             0.00075253
                      4,                 3.2714,                 4.2447,                 3.7636,                0.00015,                0.00281,                  8e-05,                  5e-05,                 6.1311,                 10.042,                 3.5253,              0.0005075,              0.0005075,              0.0005075
                      5,                 3.1562,                 4.2463,                 3.5139,                0.75269,                0.00066,                 0.0003,                0.00011,                 5.6266,                 9.0922,                 3.2463,              0.0005075,              0.0005075,              0.0005075
