                  epoch,         train/box_loss,         train/cls_loss,         train/dfl_loss,   metrics/precision(B),      metrics/recall(B),       metrics/mAP50(B),    metrics/mAP50-95(B),           val/box_loss,           val/cls_loss,           val/dfl_loss,                 lr/pg0,                 lr/pg1,                 lr/pg2
                      1,                 3.9304,                 4.8191,                 4.1595,                      0,                      0,                      0,                      0,                0.20361,                 12.362,                0.11976,             0.00041258,             0.00041258,             0.00041258
                      2,                 3.3447,                 5.0289,                 3.9329,                      0,                      0,                      0,                      0,                0.39492,                 16.321,                0.22449,             0.00066506,             0.00066506,             0.00066506
                      3,                 3.3885,                  4.626,                 3.9347,                0.00014,                0.00281,                  7e-05,                  1e-05,                  5.007,                 16.963,                 2.7462,             0.00075253,             0.00075253,             0.00075253
                      4,                 3.2755,                 4.3388,                 3.7719,                0.00015,                0.00281,                  8e-05,                  3e-05,                 6.2286,                 10.617,                 3.3104,              0.0005075,              0.0005075,              0.0005075
                      5,                 3.1465,                 4.3243,                 3.5219,                0.00015,                0.00281,                  8e-05,                  3e-05,                 5.6381,                 11.646,                 2.8058,              0.0005075,              0.0005075,              0.0005075
