                  epoch,         train/box_loss,         train/cls_loss,         train/dfl_loss,   metrics/precision(B),      metrics/recall(B),       metrics/mAP50(B),    metrics/mAP50-95(B),           val/box_loss,           val/cls_loss,           val/dfl_loss,                 lr/pg0,                 lr/pg1,                 lr/pg2
                      1,                 3.9322,                 4.8243,                 4.1572,                      0,                      0,                      0,                      0,                0.20395,                 12.375,                0.11998,             0.00041258,             0.00041258,             0.00041258
                      2,                 3.3464,                 5.0191,                 3.9331,                      0,                      0,                      0,                      0,                0.48391,                 17.273,                0.27253,             0.00066506,             0.00066506,             0.00066506
                      3,                 3.3766,                 4.6212,                 3.9347,                0.00024,                0.00562,                0.00387,                0.00079,                 5.4705,                 16.427,                 3.0793,             0.00075253,             0.00075253,             0.00075253
                      4,                 3.2816,                  4.312,                 3.7777,                0.00033,                0.00595,                0.00395,                0.00043,                 6.2036,                 9.9198,                 3.3674,              0.0005075,              0.0005075,              0.0005075
                      5,                 3.1499,                 4.3063,                 3.5288,                0.75209,                0.00066,                0.00156,                 0.0007,                 5.7975,                 7.5016,                 2.9244,              0.0005075,              0.0005075,              0.0005075
